"Kod";"Nazwa";""rynek pierwotny";"ogółem";"2010";"[zł]"";""rynek pierwotny";"ogółem";"2011";"[zł]"";""rynek pierwotny";"ogółem";"2012";"[zł]"";""rynek pierwotny";"ogółem";"2013";"[zł]"";""rynek pierwotny";"ogółem";"2014";"[zł]"";""rynek pierwotny";"ogółem";"2015";"[zł]"";""rynek pierwotny";"ogółem";"2016";"[zł]"";""rynek pierwotny";"ogółem";"2017";"[zł]"";""rynek pierwotny";"ogółem";"2018";"[zł]"";""rynek pierwotny";"ogółem";"2019";"[zł]"";""rynek pierwotny";"ogółem";"2020";"[zł]"";""rynek pierwotny";"ogółem";"2021";"[zł]"";""rynek pierwotny";"ogółem";"2022";"[zł]"";""rynek pierwotny";"ogółem";"2023";"[zł]"";""rynek pierwotny";"ogółem";"2024";"[zł]"";
0000000;POLSKA;4955.0;5028.0;4865.0;4895.0;4930.0;5201.0;5298.0;5165.0;5182.0;5395.0;5761.0;6412.0;6947.0;7751.0;8913.0;
0112000;MAŁOPOLSKIE;6272.0;6429.0;6262.0;5945.0;6199.0;6163.0;6152.0;6082.0;6277.0;6501.0;7331.0;7904.0;9130.0;10237.0;11598.0;
0112120;Powiat bocheński;4240.0;4508.0;4317.0;4451.0;4351.0;4274.0;4200.0;4587.0;4748.0;4536.0;5034.0;5563.0;5389.0;6623.0;7368.0;
0112120;Powiat krakowski;4874.0;4604.0;5030.0;4286.0;4594.0;4855.0;4700.0;4509.0;4896.0;5004.0;5426.0;5752.0;6274.0;7006.0;8104.0;
0112120;Powiat miechowski;0.0;0.0;0.0;4536.0;4288.0;4197.0;3984.0;0.0;4539.0;0.0;6693.0;5399.0;6644.0;6898.0;9767.0;
0112120;Powiat myślenicki;0.0;0.0;0.0;4845.0;0.0;0.0;4596.0;4781.0;5103.0;5571.0;6452.0;5953.0;6961.0;7101.0;10780.0;
0112120;Powiat proszowicki;4280.0;0.0;0.0;0.0;0.0;0.0;0.0;4053.0;0.0;0.0;0.0;4661.0;5704.0;0.0;7845.0;
0112120;Powiat wielicki;4914.0;4933.0;4181.0;4042.0;4386.0;4317.0;4285.0;4668.0;4374.0;4803.0;5332.0;5798.0;5947.0;8289.0;9585.0;
0112121;Powiat m. Kraków;6359.0;6512.0;6438.0;6086.0;6321.0;6260.0;6299.0;6293.0;6504.0;6795.0;7891.0;8509.0;9757.0;11000.0;12788.0;
0112122;Powiat gorlicki;0.0;0.0;0.0;4821.0;2122.0;0.0;2357.0;0.0;0.0;0.0;0.0;0.0;5210.0;5822.0;6441.0;
0112122;Powiat limanowski;0.0;4340.0;4400.0;4563.0;3392.0;4635.0;4338.0;0.0;0.0;5238.0;6013.0;5694.0;4933.0;5294.0;7325.0;
0112122;Powiat m. Nowy Sącz;2209.0;3323.0;4055.0;3677.0;3862.0;2807.0;3836.0;0.0;4288.0;0.0;0.0;5882.0;5643.0;6620.0;8715.0;
0112122;Powiat nowosądecki;6657.0;5344.0;4969.0;5353.0;4603.0;3585.0;7102.0;6531.0;7729.0;8388.0;6686.0;3943.0;4697.0;16884.0;6686.0;
0112123;Powiat chrzanowski;0.0;0.0;0.0;2969.0;3461.0;3200.0;2596.0;2579.0;3067.0;0.0;3353.0;4727.0;5453.0;6215.0;6698.0;
0112123;Powiat olkuski;0.0;3412.0;3763.0;3439.0;3601.0;3620.0;0.0;0.0;2500.0;3026.0;0.0;5607.0;5224.0;6030.0;7064.0;
0112123;Powiat oświęcimski;0.0;2500.0;2502.0;2500.0;3505.0;3497.0;3808.0;3926.0;4002.0;4002.0;4867.0;5422.0;6274.0;7500.0;8124.0;
0112123;Powiat wadowicki;3520.0;3946.0;3601.0;4063.0;4102.0;3874.0;4195.0;3994.0;4094.0;4244.0;5744.0;5011.0;5691.0;5609.0;9291.0;
0112124;Powiat brzeski;0.0;0.0;0.0;0.0;0.0;4196.0;4083.0;4148.0;4379.0;0.0;4632.0;5337.0;6217.0;6916.0;8068.0;
0112124;Powiat dąbrowski;0.0;0.0;0.0;0.0;0.0;0.0;0.0;0.0;0.0;0.0;0.0;0.0;4073.0;4907.0;5905.0;
0112124;Powiat m. Tarnów;0.0;0.0;3500.0;3729.0;3480.0;3817.0;3802.0;3678.0;3974.0;4364.0;4488.0;5017.0;5586.0;6338.0;6852.0;
0112124;Powiat tarnowski;0.0;0.0;0.0;0.0;0.0;0.0;0.0;0.0;0.0;0.0;4394.0;3692.0;4502.0;5709.0;5865.0;
0112169;Powiat nowotarski;4791.0;5389.0;5641.0;5164.0;4474.0;5089.0;5026.0;5075.0;4919.0;4917.0;5141.0;5699.0;8480.0;7195.0;10450.0;
0112169;Powiat suski;2995.0;0.0;0.0;3829.0;0.0;0.0;0.0;0.0;0.0;0.0;0.0;0.0;0.0;0.0;0.0;
0112169;Powiat tatrzański;10503.0;10125.0;8432.0;0.0;9571.0;10697.0;9517.0;9638.0;9079.0;8780.0;9746.0;7775.0;14975.0;16375.0;22947.0;
0124000;ŚLĄSKIE;4001.0;4013.0;3600.0;3518.0;3599.0;3850.0;3790.0;4096.0;4239.0;4521.0;4948.0;5359.0;5852.0;6843.0;8031.0;
0124144;Powiat bielski;2738.0;2730.0;2963.0;3069.0;2900.0;3100.0;3200.0;3149.0;3627.0;3700.0;5711.0;5473.0;6154.0;6377.0;6946.0;
0124144;Powiat cieszyński;5137.0;4370.0;4776.0;6250.0;4249.0;3512.0;4829.0;6775.0;5854.0;4735.0;5344.0;5461.0;6006.0;7168.0;11002.0;
0124144;Powiat m. Bielsko-Biała;3946.0;4439.0;4190.0;4032.0;4261.0;4200.0;4242.0;4407.0;4303.0;4671.0;5273.0;5486.0;6199.0;7019.0;7931.0;
0124144;Powiat żywiecki;0.0;4228.0;0.0;0.0;3179.0;0.0;0.0;0.0;4146.0;0.0;0.0;2457.0;7017.0;7638.0;6912.0;
0124145;Powiat lubliniecki;0.0;0.0;2768.0;2710.0;3034.0;2341.0;2864.0;3063.0;3378.0;0.0;0.0;4110.0;4421.0;4110.0;5411.0;
0124145;Powiat m. Bytom;3598.0;2540.0;2538.0;3534.0;3631.0;2603.0;2716.0;2287.0;3281.0;2948.0;2700.0;3386.0;3440.0;5567.0;4259.0;
0124145;Powiat m. Piekary Śląskie;4013.0;0.0;3593.0;2474.0;2661.0;0.0;3658.0;2430.0;3617.0;2686.0;3570.0;4398.0;4779.0;4621.0;6036.0;
0124145;Powiat tarnogórski;5076.0;4366.0;3378.0;3279.0;3198.0;0.0;4139.0;3378.0;3446.0;4098.0;4159.0;4391.0;5242.0;6470.0;6743.0;
0124146;Powiat częstochowski;0.0;0.0;0.0;0.0;0.0;0.0;0.0;0.0;0.0;0.0;4057.0;0.0;4975.0;6621.0;7129.0;
0124146;Powiat kłobucki;0.0;0.0;0.0;0.0;0.0;0.0;0.0;3583.0;0.0;0.0;0.0;0.0;5079.0;6259.0;7359.0;
0124146;Powiat m. Częstochowa;3998.0;4477.0;4487.0;4286.0;4262.0;4133.0;4175.0;4551.0;4808.0;4832.0;5147.0;5821.0;6136.0;6474.0;7492.0;
0124146;Powiat myszkowski;0.0;2723.0;0.0;0.0;0.0;0.0;0.0;0.0;3930.0;4016.0;2879.0;4135.0;4023.0;4047.0;5080.0;
0124147;Powiat gliwicki;3607.0;4267.0;3748.0;3691.0;0.0;3323.0;3365.0;3142.0;4186.0;4132.0;4800.0;5057.0;5280.0;5033.0;6489.0;
0124147;Powiat m. Gliwice;4287.0;4881.0;4450.0;4364.0;2340.0;4252.0;4633.0;4381.0;4835.0;5202.0;5468.0;6286.0;6282.0;7065.0;7573.0;
0124147;Powiat m. Zabrze;0.0;0.0;0.0;0.0;2408.0;0.0;3002.0;3880.0;3945.0;4561.0;4500.0;4853.0;4931.0;5864.0;6542.0;
0124148;Powiat m. Chorzów;3256.0;3611.0;3480.0;3495.0;3141.0;3241.0;3194.0;3938.0;3603.0;4406.0;4597.0;4501.0;6260.0;7158.0;7947.0;
0124148;Powiat m. Katowice;5008.0;4516.0;3280.0;3146.0;3174.0;4262.0;3318.0;3897.0;4424.0;4664.0;4964.0;6493.0;6329.0;8906.0;10125.0;
0124148;Powiat m. Mysłowice;3304.0;2793.0;4034.0;4008.0;4001.0;3598.0;3590.0;3540.0;4004.0;4798.0;5194.0;4450.0;5594.0;5128.0;7984.0;
0124148;Powiat m. Ruda Śląska;3421.0;3377.0;3314.0;2999.0;2445.0;3582.0;3485.0;3467.0;2954.0;3524.0;3217.0;4225.0;4158.0;6313.0;6280.0;
0124148;Powiat m. Siemianowice Śląskie;3935.0;2840.0;2747.0;2502.0;2569.0;2516.0;2467.0;4068.0;3521.0;4547.0;3663.0;6099.0;6863.0;6938.0;7965.0;
0124148;Powiat m. Świętochłowice;3638.0;3605.0;3282.0;3415.0;3238.0;3495.0;3560.0;3714.0;3966.0;3023.0;4536.0;4802.0;5347.0;6039.0;6248.0;
0124149;Powiat m. Jastrzębie-Zdrój;0.0;0.0;0.0;0.0;3541.0;0.0;3794.0;2685.0;0.0;2850.0;0.0;3805.0;3777.0;0.0;5152.0;
0124149;Powiat m. Rybnik;0.0;0.0;3239.0;3396.0;0.0;2821.0;4183.0;4153.0;3866.0;4402.0;4725.0;5170.0;5344.0;6279.0;7650.0;
0124149;Powiat m. Żory;3634.0;3270.0;2814.0;2975.0;2852.0;2822.0;3332.0;3967.0;3520.0;3516.0;5224.0;5744.0;6224.0;6065.0;7731.0;
0124149;Powiat raciborski;3343.0;2707.0;2376.0;2499.0;0.0;0.0;2120.0;2339.0;2243.0;3907.0;3663.0;3837.0;5381.0;5549.0;6667.0;
0124149;Powiat rybnicki;0.0;0.0;0.0;0.0;0.0;0.0;0.0;0.0;0.0;4277.0;3844.0;0.0;3429.0;3770.0;3976.0;
0124149;Powiat wodzisławski;0.0;0.0;0.0;0.0;0.0;0.0;0.0;2821.0;0.0;2264.0;3801.0;3500.0;5190.0;5810.0;0.0;
0124150;Powiat będziński;4155.0;4186.0;4295.0;3892.0;4204.0;4112.0;3899.0;4051.0;4167.0;4395.0;4733.0;5002.0;5447.0;6179.0;7000.0;
0124150;Powiat m. Dąbrowa Górnicza;2258.0;2193.0;3811.0;3888.0;3965.0;2453.0;4506.0;4400.0;4366.0;4839.0;4723.0;5408.0;5399.0;6318.0;7073.0;
0124150;Powiat m. Jaworzno;0.0;3717.0;3202.0;3346.0;3384.0;3265.0;3425.0;3244.0;3239.0;3505.0;4954.0;5230.0;5433.0;6161.0;6332.0;
0124150;Powiat m. Sosnowiec;3509.0;3927.0;4192.0;3888.0;3715.0;3566.0;3581.0;3897.0;4288.0;4238.0;4902.0;5337.0;5934.0;6710.0;7316.0;
0124150;Powiat zawierciański;2250.0;3375.0;3598.0;2809.0;3032.0;0.0;0.0;0.0;0.0;0.0;0.0;0.0;0.0;3974.0;4700.0;
0124151;Powiat bieruńsko-lędziński;0.0;3013.0;3095.0;2878.0;3086.0;2988.0;2778.0;2782.0;3060.0;3407.0;4155.0;4204.0;0.0;4915.0;6830.0;
0124151;Powiat m. Tychy;4168.0;4159.0;3431.0;3805.0;4143.0;4297.0;4304.0;4305.0;4521.0;4854.0;5467.0;6071.0;6740.0;7097.0;8718.0;
0124151;Powiat mikołowski;2612.0;2686.0;2614.0;2660.0;2807.0;4238.0;4277.0;4181.0;4111.0;3976.0;5028.0;5860.0;6152.0;6513.0;7294.0;
0124151;Powiat pszczyński;0.0;3437.0;2580.0;3473.0;3695.0;3445.0;4001.0;3994.0;3430.0;4226.0;4851.0;5116.0;6200.0;6403.0;6368.0;
0208000;LUBUSKIE;3324.0;3329.0;3246.0;3243.0;3324.0;3288.0;3452.0;3501.0;3800.0;3855.0;4305.0;4593.0;5222.0;6016.0;7041.0;
0208113;Powiat gorzowski;2882.0;2449.0;2502.0;2353.0;0.0;2128.0;3452.0;3334.0;3803.0;3923.0;4366.0;4883.0;5440.0;6332.0;5911.0;
0208113;Powiat m. Gorzów Wielkopolski;3321.0;3373.0;3339.0;3273.0;3322.0;3255.0;3513.0;3609.0;3731.0;3857.0;4355.0;4726.0;5231.0;5962.0;6768.0;
0208113;Powiat międzyrzecki;0.0;2856.0;2919.0;2739.0;0.0;0.0;2951.0;3279.0;3290.0;3282.0;3836.0;4300.0;4720.0;5662.0;5792.0;
0208113;Powiat strzelecko-drezdenecki;2979.0;2880.0;3344.0;2975.0;2992.0;2991.0;3085.0;3139.0;3206.0;3905.0;3502.0;4260.0;5062.0;6667.0;6663.0;
0208113;Powiat sulęciński;2962.0;0.0;0.0;2921.0;2952.0;2914.0;0.0;3029.0;0.0;0.0;0.0;4150.0;4799.0;5039.0;5046.0;
0208113;Powiat słubicki;0.0;0.0;3250.0;3228.0;3228.0;3304.0;3284.0;3580.0;3543.0;3500.0;5000.0;5159.0;4523.0;5463.0;5760.0;
0208114;Powiat krośnieński;0.0;2500.0;2500.0;2489.0;2899.0;0.0;0.0;2324.0;3459.0;3548.0;4103.0;4663.0;0.0;2778.0;7395.0;
0208114;Powiat m. Zielona Góra;3524.0;3325.0;3243.0;3391.0;3429.0;3323.0;3484.0;3667.0;3953.0;3998.0;4573.0;5517.0;5684.0;6282.0;7761.0;
0208114;Powiat nowosolski;3111.0;0.0;3230.0;2950.0;3461.0;3282.0;0.0;3376.0;3426.0;3790.0;4153.0;4470.0;5077.0;5763.0;6235.0;
0208114;Powiat wschowski;0.0;0.0;0.0;0.0;0.0;0.0;3564.0;0.0;0.0;0.0;3508.0;3405.0;4234.0;9409.0;9099.0;
0208114;Powiat zielonogórski;0.0;3574.0;3396.0;2980.0;2965.0;0.0;2997.0;2988.0;2992.0;3381.0;3154.0;4000.0;4359.0;6272.0;6472.0;
0208114;Powiat świebodziński;3285.0;3004.0;2997.0;2948.0;3368.0;3261.0;3161.0;3095.0;3187.0;3496.0;3856.0;4106.0;4753.0;6582.0;7224.0;
0208114;Powiat żagański;2729.0;2674.0;2200.0;0.0;0.0;2051.0;2496.0;2698.0;2857.0;2980.0;2699.0;2861.0;4561.0;6218.0;4321.0;
0208114;Powiat żarski;0.0;3788.0;2452.0;3657.0;2885.0;3476.0;3284.0;3321.0;3800.0;3949.0;4201.0;4294.0;4017.0;4893.0;5689.0;
0230000;WIELKOPOLSKIE;5053.0;5338.0;4955.0;4947.0;5092.0;5271.0;5044.0;4896.0;4665.0;4421.0;4749.0;5783.0;6740.0;6786.0;8410.0;
0230157;Powiat jarociński;2654.0;2775.0;2908.0;2768.0;2882.0;2901.0;3324.0;3103.0;3207.0;3333.0;3584.0;4359.0;5054.0;4871.0;6930.0;
0230157;Powiat kaliski;0.0;0.0;0.0;0.0;0.0;0.0;0.0;0.0;0.0;3911.0;0.0;0.0;0.0;5426.0;6900.0;
0230157;Powiat krotoszyński;2660.0;3282.0;3018.0;3129.0;3324.0;0.0;3376.0;3450.0;3479.0;3857.0;4086.0;4098.0;4488.0;5250.0;5628.0;
0230157;Powiat kępiński;0.0;2572.0;0.0;0.0;3323.0;0.0;0.0;3552.0;3727.0;3883.0;4818.0;5093.0;5102.0;6000.0;6814.0;
0230157;Powiat m. Kalisz;2884.0;2813.0;2898.0;2992.0;2981.0;3146.0;3532.0;2823.0;3527.0;3815.0;4476.0;4423.0;5050.0;6289.0;8043.0;
0230157;Powiat ostrowski;0.0;0.0;0.0;0.0;2599.0;2790.0;3375.0;2966.0;3601.0;3786.0;4152.0;4625.0;4948.0;5913.0;6525.0;
0230157;Powiat ostrzeszowski;2727.0;0.0;3654.0;3296.0;3597.0;3594.0;2902.0;3663.0;3739.0;3938.0;3803.0;0.0;5821.0;5098.0;5638.0;
0230157;Powiat pleszewski;2599.0;3492.0;2901.0;2791.0;3445.0;0.0;0.0;0.0;2999.0;3277.0;3915.0;3527.0;4160.0;4908.0;6329.0;
0230158;Powiat gnieźnieński;3415.0;3786.0;3697.0;3726.0;3741.0;3639.0;3991.0;3973.0;3994.0;4188.0;4632.0;4844.0;4997.0;5600.0;6159.0;
0230158;Powiat kolski;0.0;3246.0;0.0;0.0;2555.0;0.0;2953.0;3010.0;0.0;3181.0;4797.0;4737.0;5751.0;6065.0;6027.0;
0230158;Powiat koniński;0.0;0.0;0.0;0.0;0.0;0.0;3227.0;2752.0;3200.0;2981.0;0.0;0.0;4694.0;5017.0;5907.0;
0230158;Powiat m. Konin;3275.0;3100.0;3500.0;3399.0;3680.0;4019.0;4148.0;4318.0;3993.0;3993.0;5377.0;5424.0;5850.0;5121.0;7027.0;
0230158;Powiat słupecki;3021.0;0.0;0.0;3456.0;0.0;3783.0;3767.0;0.0;0.0;3375.0;0.0;0.0;5950.0;6471.0;7000.0;
0230158;Powiat turecki;3152.0;3149.0;3187.0;3350.0;0.0;0.0;0.0;3436.0;3593.0;3608.0;3464.0;4061.0;4987.0;3713.0;7293.0;
0230158;Powiat wrzesiński;2973.0;3449.0;3416.0;3435.0;3529.0;3648.0;3803.0;3861.0;3489.0;3939.0;4027.0;4395.0;4796.0;5642.0;6607.0;
0230159;Powiat gostyński;0.0;0.0;3378.0;2605.0;3194.0;3117.0;3497.0;3588.0;3575.0;3953.0;4530.0;4337.0;4605.0;6816.0;7905.0;
0230159;Powiat grodziski;0.0;2913.0;3156.0;3171.0;3076.0;3167.0;3287.0;3336.0;3400.0;3481.0;3790.0;4151.0;4352.0;5990.0;6422.0;
0230159;Powiat kościański;0.0;3170.0;3259.0;3298.0;3346.0;3349.0;3363.0;3525.0;3635.0;3686.0;3994.0;4291.0;4509.0;5341.0;5881.0;
0230159;Powiat leszczyński;0.0;0.0;0.0;0.0;0.0;0.0;3174.0;3410.0;3258.0;3043.0;3689.0;3831.0;4312.0;4634.0;5434.0;
0230159;Powiat m. Leszno;3426.0;3539.0;3646.0;3447.0;3160.0;3604.0;3899.0;4284.0;4705.0;4469.0;4470.0;5247.0;6437.0;5867.0;8006.0;
0230159;Powiat międzychodzki;2759.0;2876.0;2851.0;0.0;2636.0;2636.0;2500.0;2583.0;2717.0;2971.0;3057.0;3328.0;4381.0;4567.0;4921.0;
0230159;Powiat nowotomyski;3062.0;3276.0;3321.0;3178.0;3129.0;2554.0;2905.0;0.0;3261.0;3253.0;4099.0;4003.0;4396.0;5679.0;6674.0;
0230159;Powiat rawicki;3543.0;3165.0;2575.0;3522.0;3185.0;3093.0;3366.0;3220.0;3656.0;4035.0;3895.0;3392.0;6026.0;5735.0;5986.0;
0230159;Powiat wolsztyński;3999.0;4183.0;3689.0;3649.0;3651.0;0.0;0.0;3632.0;4022.0;4446.0;4240.0;4546.0;5931.0;6000.0;6350.0;
0230160;Powiat chodzieski;0.0;0.0;0.0;0.0;0.0;0.0;0.0;3392.0;3501.0;3502.0;3742.0;3929.0;4480.0;6074.0;6440.0;
0230160;Powiat czarnkowsko-trzcianecki;0.0;0.0;3383.0;2457.0;2481.0;3309.0;3106.0;2547.0;4427.0;3650.0;4403.0;0.0;5238.0;5857.0;5579.0;
0230160;Powiat pilski;4159.0;3561.0;3797.0;3849.0;3795.0;3847.0;3949.0;4078.0;4116.0;4584.0;4794.0;4985.0;5158.0;6061.0;6796.0;
0230160;Powiat wągrowiecki;3310.0;3332.0;3364.0;3197.0;3227.0;3594.0;3491.0;3452.0;3452.0;3502.0;3949.0;4199.0;5294.0;5469.0;5999.0;
0230160;Powiat złotowski;3012.0;0.0;3526.0;3258.0;3402.0;3245.0;3234.0;3207.0;3500.0;3426.0;3706.0;4407.0;4445.0;4278.0;5420.0;
0230161;Powiat obornicki;3398.0;3402.0;3399.0;3444.0;3451.0;3592.0;3590.0;3707.0;3913.0;3948.0;4391.0;4582.0;5153.0;5693.0;6909.0;
0230161;Powiat poznański;4159.0;4014.0;4222.0;3946.0;3910.0;4114.0;4243.0;4333.0;4283.0;4406.0;4628.0;4792.0;5527.0;6154.0;6910.0;
0230161;Powiat szamotulski;0.0;0.0;3544.0;0.0;3420.0;0.0;3709.0;3724.0;3720.0;3843.0;4194.0;4492.0;4941.0;5281.0;5426.0;
0230161;Powiat średzki;3451.0;3499.0;3478.0;3430.0;3298.0;3425.0;3646.0;3712.0;3598.0;3600.0;3545.0;4343.0;4740.0;5436.0;6485.0;
0230161;Powiat śremski;3536.0;3338.0;3417.0;2829.0;0.0;2947.0;3185.0;3602.0;3602.0;3986.0;4454.0;4761.0;5126.0;5348.0;6164.0;
0230162;Powiat m. Poznań;6075.0;6226.0;5845.0;5832.0;5883.0;5901.0;5920.0;6055.0;6316.0;6570.0;6811.0;7661.0;8240.0;9024.0;10106.0;
0232000;ZACHODNIOPOMORSKIE;4846.0;4777.0;4712.0;4612.0;4501.0;4652.0;4672.0;4829.0;5237.0;5249.0;5358.0;6554.0;9110.0;8080.0;8523.0;
0232163;Powiat białogardzki;0.0;0.0;0.0;0.0;2890.0;3299.0;3347.0;2861.0;3604.0;3513.0;4187.0;4489.0;4423.0;2250.0;6411.0;
0232163;Powiat koszaliński;6348.0;6454.0;5620.0;9977.0;8977.0;8380.0;8660.0;8568.0;10464.0;3879.0;7582.0;8029.0;10801.0;10956.0;7786.0;
0232163;Powiat kołobrzeski;4919.0;4704.0;4625.0;4367.0;4766.0;4903.0;5313.0;6707.0;6795.0;6690.0;7608.0;7286.0;8668.0;9393.0;10028.0;
0232163;Powiat m. Koszalin;3684.0;3735.0;4202.0;3805.0;3153.0;0.0;4276.0;4521.0;4630.0;5030.0;0.0;0.0;0.0;7850.0;8728.0;
0232163;Powiat sławieński;0.0;6424.0;5462.0;4304.0;4501.0;4442.0;4401.0;4762.0;5491.0;5505.0;12427.0;9714.0;6985.0;14443.0;13222.0;
0232164;Powiat choszczeński;2000.0;3002.0;2400.0;2997.0;2503.0;2997.0;3186.0;2701.0;3563.0;2777.0;3244.0;3237.0;4071.0;8942.0;4992.0;
0232164;Powiat drawski;0.0;0.0;0.0;0.0;0.0;0.0;4105.0;0.0;3403.0;3642.0;0.0;0.0;5305.0;4717.0;0.0;
0232164;Powiat myśliborski;3499.0;0.0;2760.0;2780.0;3200.0;3163.0;3647.0;3485.0;3589.0;3827.0;3800.0;4504.0;4956.0;5335.0;6897.0;
0232164;Powiat pyrzycki;0.0;0.0;0.0;0.0;0.0;0.0;0.0;0.0;0.0;4313.0;4439.0;0.0;4129.0;0.0;6211.0;
0232164;Powiat szczecinecki;3529.0;2952.0;3053.0;2948.0;3202.0;3229.0;3184.0;3311.0;3614.0;3633.0;3998.0;4430.0;5327.0;5451.0;7023.0;
0232164;Powiat wałecki;4034.0;0.0;3952.0;0.0;0.0;0.0;0.0;3631.0;4698.0;3661.0;3776.0;5412.0;4212.0;5224.0;7415.0;
0232164;Powiat łobeski;0.0;0.0;2801.0;0.0;0.0;0.0;2344.0;0.0;0.0;0.0;3971.0;4404.0;0.0;5341.0;5332.0;
0232164;Powiat świdwiński;0.0;3319.0;0.0;3427.0;0.0;0.0;0.0;0.0;4210.0;0.0;2968.0;3155.0;0.0;5540.0;0.0;
0232165;Powiat m. Szczecin;4839.0;4826.0;4809.0;4673.0;4452.0;4725.0;4626.0;4884.0;5079.0;5487.0;5744.0;6284.0;6467.0;8434.0;8883.0;
0232166;Powiat goleniowski;4306.0;3929.0;3251.0;3026.0;3770.0;3696.0;0.0;3499.0;4497.0;4497.0;4701.0;3999.0;5002.0;7110.0;8243.0;
0232166;Powiat gryficki;6950.0;6897.0;6439.0;6946.0;2291.0;2513.0;3145.0;3042.0;3136.0;3940.0;4424.0;10010.0;13715.0;14626.0;5042.0;
0232166;Powiat gryfiński;0.0;0.0;4352.0;4173.0;3674.0;3765.0;4588.0;4381.0;4426.0;4559.0;4887.0;5266.0;5833.0;6386.0;8245.0;
0232166;Powiat kamieński;7171.0;9131.0;6862.0;6915.0;7042.0;6441.0;5851.0;6011.0;9520.0;10605.0;11175.0;11141.0;11777.0;14000.0;14093.0;
0232166;Powiat m. Świnoujście;0.0;0.0;0.0;4486.0;4621.0;5579.0;6022.0;6542.0;6840.0;7958.0;8493.0;9285.0;10460.0;10711.0;12812.0;
0232166;Powiat policki;4909.0;4740.0;4898.0;4506.0;4438.0;4702.0;4682.0;4684.0;4585.0;4434.0;5402.0;5491.0;6647.0;8278.0;7230.0;
0232166;Powiat stargardzki;3958.0;3864.0;4087.0;3459.0;3851.0;3759.0;3822.0;3852.0;3949.0;4247.0;4326.0;4591.0;4953.0;5675.0;6853.0;
0302000;DOLNOŚLĄSKIE;5492.0;5691.0;5183.0;5181.0;5110.0;5241.0;5310.0;5555.0;5485.0;5822.0;5781.0;7178.0;7706.0;8611.0;9765.0;
0302101;Powiat bolesławiecki;0.0;0.0;0.0;3250.0;3052.0;2911.0;3480.0;3439.0;3745.0;3690.0;4753.0;4900.0;5464.0;5961.0;6882.0;
0302101;Powiat jaworski;0.0;0.0;0.0;0.0;0.0;0.0;0.0;2458.0;0.0;0.0;4015.0;5714.0;6053.0;6687.0;7537.0;
0302101;Powiat kamiennogórski;2800.0;0.0;2759.0;0.0;0.0;0.0;0.0;0.0;0.0;0.0;0.0;3506.0;0.0;0.0;6172.0;
0302101;Powiat karkonoski;6427.0;5844.0;6919.0;5269.0;5372.0;6397.0;7770.0;7008.0;8418.0;5109.0;6523.0;7284.0;14014.0;9262.0;6818.0;
0302101;Powiat lubański;0.0;2398.0;2344.0;2201.0;3517.0;3644.0;2968.0;4617.0;3068.0;4434.0;0.0;0.0;10507.0;5672.0;7005.0;
0302101;Powiat lwówecki;0.0;0.0;0.0;0.0;0.0;0.0;0.0;3228.0;0.0;0.0;0.0;0.0;0.0;0.0;0.0;
0302101;Powiat m. Jelenia Góra;3607.0;3308.0;3712.0;3321.0;3411.0;3341.0;3751.0;3783.0;3936.0;4228.0;4899.0;5398.0;6605.0;6468.0;8836.0;
0302101;Powiat zgorzelecki;0.0;0.0;0.0;0.0;0.0;0.0;0.0;3699.0;0.0;3998.0;4437.0;4702.0;5304.0;6720.0;7780.0;
0302101;Powiat złotoryjski;0.0;0.0;0.0;0.0;0.0;0.0;3006.0;0.0;0.0;0.0;3565.0;5585.0;5567.0;5953.0;6101.0;
0302102;Powiat górowski;0.0;0.0;0.0;0.0;0.0;0.0;0.0;3090.0;0.0;0.0;2949.0;3247.0;3422.0;0.0;3963.0;
0302102;Powiat głogowski;3748.0;3691.0;3498.0;3526.0;3413.0;3354.0;3776.0;3842.0;3920.0;3502.0;4705.0;4596.0;5045.0;5331.0;7111.0;
0302102;Powiat legnicki;0.0;0.0;2483.0;0.0;2956.0;2620.0;0.0;0.0;2900.0;0.0;4805.0;4587.0;5027.0;4923.0;6301.0;
0302102;Powiat lubiński;3638.0;3883.0;3899.0;3838.0;3933.0;3769.0;4133.0;4190.0;4300.0;4323.0;4939.0;5282.0;5989.0;6143.0;7270.0;
0302102;Powiat m. Legnica;3485.0;3471.0;3390.0;3197.0;3624.0;3318.0;3500.0;3534.0;3766.0;3774.0;4537.0;5274.0;5568.0;6639.0;7973.0;
0302102;Powiat polkowicki;3548.0;0.0;0.0;2463.0;3732.0;3653.0;2342.0;4384.0;3903.0;3992.0;0.0;4647.0;5000.0;6205.0;6337.0;
0302103;Powiat dzierżoniowski;2500.0;0.0;0.0;3131.0;3345.0;3428.0;3288.0;0.0;3046.0;3369.0;3405.0;4021.0;4310.0;5497.0;6475.0;
0302103;Powiat kłodzki;3629.0;5121.0;5064.0;5406.0;9108.0;8883.0;4242.0;11782.0;5080.0;3862.0;4552.0;4600.0;7307.0;5647.0;7639.0;
0302103;Powiat m. Wałbrzych od 2013;;;;0.0;3501.0;3273.0;2599.0;2696.0;3122.0;3273.0;3160.0;4286.0;5065.0;7610.0;6977.0;
0302103;Powiat wałbrzyski;0.0;0.0;0.0;3167.0;3847.0;3852.0;3106.0;3430.0;2934.0;3894.0;4457.0;3319.0;5526.0;2143.0;4167.0;
0302103;Powiat ząbkowicki;0.0;0.0;0.0;3016.0;0.0;0.0;0.0;0.0;0.0;3390.0;3900.0;4101.0;4901.0;4547.0;0.0;
0302103;Powiat świdnicki;3800.0;3662.0;2457.0;3962.0;3805.0;3265.0;3702.0;3440.0;4090.0;4261.0;4309.0;5680.0;5687.0;6312.0;7179.0;
0302104;Powiat milicki;3192.0;0.0;3406.0;2168.0;3569.0;3451.0;3403.0;3421.0;2962.0;3189.0;5109.0;5491.0;6383.0;5877.0;7544.0;
0302104;Powiat oleśnicki;3849.0;4077.0;4104.0;3956.0;4276.0;4158.0;4043.0;4257.0;4340.0;5094.0;4772.0;5316.0;6755.0;7276.0;6822.0;
0302104;Powiat oławski;0.0;3896.0;3771.0;3302.0;3493.0;3292.0;3476.0;3898.0;3890.0;4108.0;4483.0;5015.0;6400.0;6288.0;7392.0;
0302104;Powiat strzeliński;3949.0;0.0;0.0;3763.0;3637.0;4130.0;4083.0;4170.0;4309.0;4748.0;4897.0;0.0;6907.0;8182.0;7104.0;
0302104;Powiat trzebnicki;0.0;3727.0;3841.0;3858.0;3732.0;4040.0;3925.0;4015.0;4020.0;4214.0;4521.0;5770.0;6157.0;7500.0;6882.0;
0302104;Powiat wołowski;3387.0;3344.0;0.0;3418.0;2949.0;3417.0;3472.0;3494.0;3590.0;3765.0;3923.0;4425.0;5216.0;5310.0;6415.0;
0302104;Powiat wrocławski;4900.0;4828.0;4410.0;4074.0;4155.0;4248.0;4203.0;4356.0;4517.0;4689.0;5105.0;5569.0;6080.0;6951.0;7787.0;
0302104;Powiat średzki;4162.0;4323.0;3387.0;3411.0;3825.0;3945.0;4041.0;4225.0;4480.0;4689.0;5417.0;5550.0;5787.0;6740.0;7674.0;
0302105;Powiat m. Wrocław;5899.0;6137.0;5747.0;5492.0;5500.0;5502.0;5735.0;5914.0;5983.0;6251.0;6741.0;7838.0;8453.0;9889.0;11571.0;
0316000;OPOLSKIE;3841.0;4296.0;3685.0;3703.0;3990.0;4165.0;4202.0;4375.0;4392.0;4755.0;5223.0;5332.0;6048.0;6435.0;7776.0;
0316131;Powiat brzeski;3244.0;3499.0;3488.0;3219.0;3430.0;3408.0;3378.0;3525.0;3577.0;3710.0;3974.0;4283.0;4651.0;6563.0;6869.0;
0316131;Powiat głubczycki;0.0;0.0;0.0;0.0;0.0;0.0;0.0;0.0;0.0;0.0;4000.0;0.0;0.0;5207.0;4348.0;
0316131;Powiat namysłowski;3164.0;3195.0;3236.0;3108.0;3279.0;3227.0;0.0;0.0;3550.0;3683.0;3928.0;4373.0;5057.0;6516.0;6816.0;
0316131;Powiat nyski;2765.0;2924.0;2594.0;2620.0;2500.0;2551.0;2758.0;2947.0;3313.0;3445.0;4514.0;3799.0;5683.0;5984.0;7260.0;
0316131;Powiat prudnicki;0.0;0.0;0.0;0.0;0.0;0.0;0.0;0.0;0.0;0.0;0.0;0.0;3087.0;0.0;3658.0;
0316132;Powiat kluczborski;3228.0;0.0;3100.0;3099.0;3146.0;3204.0;3253.0;3255.0;3243.0;3650.0;3986.0;4250.0;2834.0;5838.0;6790.0;
0316132;Powiat krapkowicki;0.0;3454.0;3616.0;3600.0;3750.0;3514.0;3744.0;3717.0;3868.0;3403.0;0.0;4061.0;4954.0;6976.0;6797.0;
0316132;Powiat kędzierzyńsko-kozielski;3375.0;3669.0;2866.0;3036.0;2616.0;2480.0;2581.0;3681.0;4253.0;4318.0;3886.0;3325.0;0.0;4543.0;5567.0;
0316132;Powiat m. Opole;4202.0;4491.0;4752.0;4407.0;4166.0;4311.0;4397.0;4544.0;4581.0;5119.0;5476.0;5960.0;6647.0;7222.0;9083.0;
0316132;Powiat oleski;0.0;0.0;0.0;0.0;0.0;0.0;0.0;0.0;0.0;0.0;0.0;0.0;0.0;0.0;0.0;
0316132;Powiat opolski;3291.0;4038.0;4061.0;3947.0;3124.0;0.0;3558.0;4373.0;3995.0;4444.0;4289.0;4181.0;5008.0;5914.0;7451.0;
0316132;Powiat strzelecki;3079.0;2973.0;2407.0;3032.0;2806.0;0.0;0.0;0.0;0.0;2431.0;0.0;3230.0;0.0;5292.0;4874.0;
0404000;KUJAWSKO-POMORSKIE;3523.0;4129.0;4224.0;3998.0;4016.0;4002.0;4499.0;4443.0;4605.0;4909.0;5462.0;5701.0;6137.0;6498.0;7734.0;
0404106;Powiat bydgoski;3300.0;4251.0;5056.0;4756.0;4340.0;4000.0;3849.0;4689.0;4586.0;4977.0;6352.0;5620.0;5674.0;5316.0;7504.0;
0404106;Powiat m. Bydgoszcz;4300.0;4428.0;4452.0;4298.0;4405.0;4416.0;4726.0;4731.0;5076.0;5316.0;6224.0;6559.0;7123.0;8389.0;8447.0;
0404106;Powiat m. Toruń;3901.0;4664.0;4250.0;4365.0;4471.0;5000.0;4017.0;4777.0;5068.0;5578.0;5950.0;6672.0;7639.0;8016.0;8807.0;
0404106;Powiat toruński;4169.0;4194.0;3495.0;3115.0;3397.0;3143.0;3351.0;2979.0;3084.0;3291.0;3360.0;4478.0;3948.0;4913.0;5352.0;
0404107;Powiat brodnicki;3043.0;2901.0;3001.0;2996.0;2997.0;3048.0;3099.0;3360.0;3586.0;3866.0;3972.0;4467.0;5202.0;6301.0;6384.0;
0404107;Powiat chełmiński;3456.0;3479.0;0.0;0.0;0.0;0.0;3388.0;3390.0;0.0;0.0;0.0;0.0;0.0;5607.0;6774.0;
0404107;Powiat golubsko-dobrzyński;3056.0;0.0;0.0;0.0;2676.0;2975.0;0.0;3399.0;3403.0;0.0;0.0;4978.0;3996.0;5294.0;5514.0;
0404107;Powiat grudziądzki;0.0;0.0;0.0;0.0;0.0;0.0;0.0;0.0;0.0;0.0;0.0;0.0;0.0;4074.0;0.0;
0404107;Powiat m. Grudziądz;3338.0;3125.0;3237.0;2970.0;3000.0;3280.0;3000.0;3132.0;3482.0;3855.0;4012.0;4213.0;4749.0;5236.0;6232.0;
0404107;Powiat rypiński;0.0;2531.0;2563.0;2516.0;2934.0;0.0;0.0;0.0;2988.0;0.0;3926.0;3633.0;3968.0;5210.0;5212.0;
0404107;Powiat wąbrzeski;0.0;0.0;0.0;2918.0;0.0;0.0;0.0;0.0;0.0;0.0;0.0;0.0;5071.0;5840.0;5084.0;
0404108;Powiat aleksandrowski;4232.0;4108.0;3947.0;3098.0;4319.0;4262.0;3494.0;3405.0;3543.0;3372.0;3667.0;4072.0;4972.0;5921.0;6972.0;
0404108;Powiat lipnowski;0.0;0.0;0.0;0.0;0.0;0.0;0.0;0.0;0.0;3945.0;0.0;0.0;0.0;5901.0;6719.0;
0404108;Powiat m. Włocławek;3234.0;2804.0;2974.0;3294.0;3304.0;2700.0;3020.0;3200.0;3380.0;3666.0;4048.0;4837.0;5606.0;5453.0;6665.0;
0404108;Powiat radziejowski;0.0;2500.0;2500.0;0.0;2499.0;0.0;0.0;2434.0;2600.0;2516.0;0.0;3004.0;6511.0;6018.0;7260.0;
0404108;Powiat włocławski;0.0;0.0;2748.0;0.0;0.0;2649.0;2751.0;2754.0;2921.0;2967.0;0.0;2655.0;5010.0;6481.0;6939.0;
0404167;Powiat inowrocławski;3872.0;3823.0;4017.0;3709.0;3603.0;3796.0;4089.0;4085.0;4480.0;5362.0;5391.0;5720.0;5366.0;6035.0;5098.0;
0404167;Powiat mogileński;0.0;0.0;0.0;0.0;0.0;2364.0;0.0;2956.0;3054.0;3026.0;3533.0;0.0;3985.0;4455.0;6594.0;
0404167;Powiat nakielski;2647.0;3834.0;3133.0;3100.0;3206.0;3238.0;0.0;3499.0;3694.0;4203.0;4484.0;4581.0;4943.0;6059.0;6740.0;
0404167;Powiat żniński;2786.0;3298.0;0.0;0.0;3347.0;3506.0;3598.0;4055.0;3731.0;3817.0;3465.0;4487.0;5437.0;5909.0;4574.0;
0404168;Powiat sępoleński;0.0;0.0;0.0;0.0;0.0;0.0;3272.0;0.0;0.0;0.0;0.0;4302.0;4547.0;4550.0;5411.0;
0404168;Powiat tucholski;0.0;0.0;0.0;0.0;2572.0;0.0;0.0;0.0;0.0;0.0;0.0;4987.0;4057.0;4348.0;4435.0;
0404168;Powiat świecki;3380.0;3315.0;3300.0;3300.0;3529.0;3302.0;3831.0;3465.0;3471.0;3537.0;4124.0;3716.0;4648.0;5158.0;7156.0;
0422000;POMORSKIE;4766.0;5014.0;5003.0;4820.0;4739.0;4976.0;5199.0;5340.0;5400.0;5989.0;6246.0;6650.0;7525.0;8074.0;9442.0;
0422140;Powiat gdański;4416.0;4292.0;4197.0;4038.0;4117.0;4197.0;4422.0;4489.0;4695.0;5182.0;5641.0;5712.0;6377.0;6982.0;7634.0;
0422140;Powiat kartuski;4737.0;5559.0;3458.0;3554.0;3513.0;3422.0;3461.0;3737.0;3725.0;3776.0;4802.0;4323.0;5628.0;6216.0;6686.0;
0422140;Powiat nowodworski;6417.0;6027.0;6495.0;6889.0;7099.0;6198.0;8587.0;6163.0;3977.0;6030.0;6584.0;4997.0;5897.0;8488.0;11791.0;
0422140;Powiat pucki;5167.0;5172.0;5430.0;4490.0;4626.0;4648.0;4763.0;4723.0;4889.0;5379.0;6219.0;7092.0;7553.0;9081.0;9288.0;
0422140;Powiat wejherowski;4391.0;4391.0;4185.0;4099.0;4135.0;4204.0;4102.0;4305.0;4542.0;4472.0;4899.0;5203.0;5663.0;6333.0;6959.0;
0422141;Powiat bytowski;3110.0;2771.0;2957.0;3038.0;3090.0;3562.0;0.0;2849.0;3273.0;0.0;4608.0;3297.0;4515.0;6200.0;4651.0;
0422141;Powiat lęborski;3354.0;3875.0;4990.0;3364.0;3563.0;3023.0;3254.0;2808.0;3513.0;5163.0;4255.0;4123.0;5165.0;5956.0;6190.0;
0422141;Powiat m. Słupsk;4009.0;4146.0;4261.0;3591.0;3871.0;3608.0;3598.0;3731.0;3494.0;3934.0;4221.0;4783.0;5230.0;6195.0;6707.0;
0422141;Powiat słupski;5984.0;6847.0;2682.0;3284.0;3461.0;3317.0;3653.0;4536.0;5403.0;5170.0;5901.0;4797.0;4142.0;5645.0;7374.0;
0422142;Powiat kwidzyński;0.0;0.0;3044.0;0.0;3196.0;3467.0;3215.0;4094.0;4767.0;4514.0;4340.0;4650.0;5004.0;6007.0;6627.0;
0422142;Powiat malborski;3477.0;3511.0;3371.0;3351.0;3442.0;3513.0;3647.0;3596.0;3817.0;3997.0;4548.0;4817.0;5460.0;6192.0;6628.0;
0422142;Powiat starogardzki;3740.0;3722.0;3853.0;3661.0;4130.0;4150.0;4335.0;4283.0;4116.0;4322.0;4422.0;4864.0;5437.0;6258.0;7525.0;
0422142;Powiat sztumski;0.0;0.0;0.0;0.0;0.0;2720.0;2719.0;0.0;0.0;0.0;0.0;0.0;4853.0;0.0;0.0;
0422142;Powiat tczewski;4075.0;4142.0;4024.0;3936.0;3699.0;3692.0;3616.0;3800.0;4002.0;4075.0;5092.0;5869.0;5899.0;6808.0;7156.0;
0422143;Powiat m. Gdańsk;5129.0;5538.0;5573.0;5319.0;5377.0;5447.0;5635.0;6120.0;6667.0;6913.0;7527.0;8137.0;8864.0;9805.0;10538.0;
0422143;Powiat m. Gdynia;5886.0;5654.0;5996.0;5677.0;5459.0;6023.0;5828.0;6204.0;6987.0;7064.0;7842.0;8033.0;9350.0;9524.0;10843.0;
0422143;Powiat m. Sopot;9934.0;10298.0;10419.0;9651.0;10531.0;10822.0;10802.0;13158.0;16917.0;13223.0;12899.0;21238.0;20285.0;25238.0;22191.0;
0422172;Powiat chojnicki;3880.0;4065.0;3922.0;3705.0;3485.0;3024.0;0.0;3697.0;3941.0;3940.0;4447.0;4891.0;5129.0;5991.0;7417.0;
0422172;Powiat człuchowski;0.0;0.0;0.0;0.0;0.0;0.0;0.0;0.0;0.0;0.0;3824.0;4980.0;4636.0;5186.0;5820.0;
0422172;Powiat kościerski;0.0;0.0;0.0;3489.0;3673.0;3876.0;3974.0;4439.0;4089.0;5022.0;4942.0;5848.0;6300.0;6898.0;8096.0;
0428000;WARMIŃSKO-MAZURSKIE;3528.0;4277.0;3939.0;3905.0;4041.0;3997.0;3896.0;4195.0;4019.0;4399.0;4874.0;5578.0;5598.0;6636.0;7645.0;
0428154;Powiat braniewski;3208.0;2953.0;0.0;0.0;0.0;0.0;3244.0;3241.0;3269.0;0.0;3739.0;0.0;0.0;4963.0;7094.0;
0428154;Powiat działdowski;0.0;0.0;3000.0;3051.0;3049.0;3202.0;3051.0;2950.0;2995.0;3022.0;3505.0;3626.0;3674.0;4869.0;5778.0;
0428154;Powiat elbląski;2544.0;2644.0;2661.0;2908.0;3064.0;2791.0;0.0;2951.0;0.0;3466.0;0.0;4385.0;4321.0;0.0;5043.0;
0428154;Powiat iławski;3050.0;3182.0;3345.0;3189.0;3149.0;3249.0;3298.0;3302.0;4037.0;3902.0;3883.0;5220.0;4554.0;5492.0;8103.0;
0428154;Powiat m. Elbląg;4271.0;3941.0;3973.0;3749.0;3779.0;3740.0;3807.0;4305.0;4277.0;4251.0;4497.0;4953.0;5485.0;7338.0;7274.0;
0428154;Powiat nowomiejski;2754.0;0.0;2377.0;0.0;3402.0;0.0;0.0;3133.0;3540.0;3499.0;3698.0;3502.0;4190.0;5287.0;5375.0;
0428154;Powiat ostródzki;3797.0;3803.0;3565.0;3741.0;3637.0;3449.0;3745.0;4114.0;3771.0;3678.0;4742.0;6132.0;4806.0;5565.0;6050.0;
0428155;Powiat ełcki;3089.0;2992.0;3144.0;3168.0;3250.0;3396.0;3147.0;3454.0;3629.0;3912.0;4147.0;4704.0;5247.0;7385.0;8743.0;
0428155;Powiat giżycki;3570.0;3192.0;3296.0;3294.0;3406.0;3596.0;3997.0;4671.0;4314.0;4247.0;4795.0;10106.0;5602.0;5987.0;7267.0;
0428155;Powiat gołdapski;2598.0;2371.0;2184.0;2590.0;2783.0;2760.0;2870.0;2686.0;3084.0;3203.0;3417.0;0.0;4083.0;0.0;0.0;
0428155;Powiat olecki;0.0;2899.0;2970.0;3150.0;3279.0;2894.0;3574.0;3616.0;3630.0;3287.0;0.0;0.0;4680.0;5838.0;6519.0;
0428155;Powiat piski;2963.0;0.0;3055.0;3188.0;3175.0;2810.0;3196.0;3193.0;2494.0;2352.0;0.0;4485.0;5071.0;6050.0;7436.0;
0428155;Powiat węgorzewski;0.0;4763.0;3005.0;3542.0;3504.0;0.0;3205.0;0.0;3312.0;3301.0;3295.0;3429.0;5367.0;0.0;10467.0;
0428156;Powiat bartoszycki;2147.0;2565.0;0.0;0.0;2137.0;0.0;2675.0;0.0;3857.0;2678.0;4517.0;5448.0;5300.0;0.0;6374.0;
0428156;Powiat kętrzyński;2954.0;2978.0;2393.0;2941.0;3443.0;3009.0;3670.0;3946.0;3445.0;3923.0;3976.0;4345.0;0.0;5993.0;5966.0;
0428156;Powiat lidzbarski;0.0;0.0;0.0;0.0;2474.0;0.0;2550.0;2531.0;0.0;2792.0;0.0;0.0;5847.0;7065.0;7239.0;
0428156;Powiat m. Olsztyn;5273.0;5196.0;4450.0;4366.0;4539.0;4637.0;4722.0;4696.0;5085.0;5341.0;5868.0;6210.0;7172.0;7536.0;8846.0;
0428156;Powiat mrągowski;2992.0;3090.0;2698.0;3514.0;3820.0;3592.0;3518.0;3403.0;2692.0;2657.0;4135.0;6786.0;6469.0;11310.0;4969.0;
0428156;Powiat nidzicki;2807.0;2610.0;2626.0;2655.0;2792.0;2755.0;2748.0;2765.0;3149.0;3297.0;3499.0;4122.0;5096.0;5336.0;5283.0;
0428156;Powiat olsztyński;4575.0;3511.0;4654.0;4331.0;4192.0;3908.0;4113.0;4058.0;3888.0;4576.0;5008.0;5603.0;6192.0;6823.0;6741.0;
0428156;Powiat szczycieński;2782.0;2572.0;2782.0;2998.0;2900.0;2900.0;2985.0;3001.0;2997.0;3417.0;3351.0;3847.0;4908.0;4798.0;6020.0;
0510000;ŁÓDZKIE;4847.0;4450.0;4454.0;4502.0;4360.0;4431.0;4539.0;4694.0;4919.0;5326.0;5615.0;6182.0;6661.0;7532.0;8342.0;
0510115;Powiat brzeziński;3716.0;3599.0;3481.0;3359.0;3392.0;3450.0;2700.0;0.0;4203.0;4301.0;4643.0;4552.0;2365.0;4714.0;6802.0;
0510115;Powiat pabianicki;0.0;0.0;4274.0;4415.0;4366.0;3781.0;4024.0;3879.0;4084.0;4366.0;4450.0;5273.0;5423.0;6708.0;7748.0;
0510115;Powiat zgierski;3900.0;4020.0;3804.0;3584.0;3527.0;3753.0;3406.0;3928.0;3816.0;4537.0;4356.0;4624.0;5739.0;5895.0;7422.0;
0510115;Powiat łódzki wschodni;3354.0;2065.0;0.0;0.0;0.0;0.0;0.0;0.0;0.0;4260.0;4660.0;4854.0;5638.0;6115.0;7089.0;
0510116;Powiat m. Łódź;5123.0;4917.0;4690.0;4646.0;4538.0;4675.0;4705.0;4798.0;5090.0;5518.0;5813.0;6422.0;6992.0;8140.0;8799.0;
0510117;Powiat bełchatowski;2516.0;2471.0;3865.0;3618.0;3260.0;3600.0;3700.0;3571.0;2513.0;2936.0;3519.0;4820.0;4543.0;5765.0;5687.0;
0510117;Powiat m. Piotrków Trybunalski;4049.0;3961.0;4144.0;3854.0;3626.0;3998.0;4182.0;3773.0;3742.0;4473.0;4969.0;5544.0;6270.0;6548.0;7421.0;
0510117;Powiat opoczyński;0.0;3738.0;3597.0;0.0;0.0;0.0;0.0;0.0;2418.0;2699.0;0.0;5017.0;5305.0;5746.0;7393.0;
0510117;Powiat piotrkowski;0.0;0.0;0.0;0.0;0.0;0.0;0.0;0.0;0.0;0.0;3420.0;0.0;5284.0;5567.0;6000.0;
0510117;Powiat radomszczański;3176.0;0.0;0.0;3434.0;3354.0;3232.0;2217.0;3441.0;3442.0;3900.0;3693.0;4553.0;5294.0;6948.0;6962.0;
0510117;Powiat tomaszowski;3370.0;3507.0;0.0;3596.0;0.0;3576.0;4036.0;4202.0;3556.0;4524.0;4993.0;5298.0;5437.0;7074.0;7634.0;
0510118;Powiat pajęczański;0.0;0.0;3186.0;3189.0;3238.0;3188.0;3079.0;0.0;0.0;0.0;0.0;0.0;5403.0;0.0;0.0;
0510118;Powiat poddębicki;0.0;0.0;0.0;3020.0;2170.0;3146.0;2184.0;3589.0;3536.0;4598.0;3000.0;3945.0;4603.0;6519.0;6968.0;
0510118;Powiat sieradzki;3199.0;3795.0;2408.0;2501.0;2494.0;2460.0;2584.0;3333.0;3474.0;3555.0;3750.0;4650.0;4956.0;5620.0;8000.0;
0510118;Powiat wieluński;3300.0;0.0;0.0;2779.0;0.0;0.0;0.0;0.0;4503.0;4372.0;4747.0;4959.0;3001.0;6155.0;6905.0;
0510118;Powiat wieruszowski;0.0;0.0;0.0;0.0;2298.0;2704.0;2751.0;2791.0;3022.0;3311.0;3604.0;3833.0;6481.0;5821.0;5862.0;
0510118;Powiat zduńskowolski;0.0;0.0;0.0;0.0;0.0;0.0;0.0;0.0;3619.0;4038.0;3135.0;4435.0;5315.0;7182.0;7667.0;
0510118;Powiat łaski;0.0;2357.0;2617.0;0.0;0.0;0.0;2159.0;0.0;0.0;3992.0;4180.0;4781.0;0.0;0.0;5429.0;
0510119;Powiat kutnowski;0.0;3597.0;3543.0;3957.0;3458.0;0.0;3550.0;4062.0;3866.0;3600.0;4003.0;5111.0;5124.0;6121.0;6265.0;
0510119;Powiat m. Skierniewice;0.0;4059.0;4172.0;4208.0;3823.0;3970.0;3966.0;4248.0;4347.0;5449.0;6161.0;5719.0;5698.0;6477.0;8164.0;
0510119;Powiat rawski;4209.0;4290.0;3539.0;3536.0;3763.0;3412.0;3522.0;0.0;0.0;0.0;0.0;0.0;5156.0;0.0;6969.0;
0510119;Powiat skierniewicki;0.0;0.0;0.0;0.0;0.0;0.0;0.0;0.0;0.0;0.0;0.0;0.0;0.0;0.0;0.0;
0510119;Powiat łowicki;3050.0;3157.0;2920.0;4391.0;4553.0;4145.0;4093.0;4201.0;4616.0;4650.0;0.0;6444.0;6546.0;7691.0;9279.0;
0510119;Powiat łęczycki;0.0;0.0;0.0;0.0;0.0;0.0;0.0;0.0;0.0;0.0;0.0;0.0;0.0;0.0;5625.0;
0526000;ŚWIĘTOKRZYSKIE;3181.0;4289.0;4599.0;4825.0;4525.0;4570.0;4641.0;4695.0;4776.0;5038.0;5441.0;5864.0;6601.0;7090.0;8177.0;
0526152;Powiat kielecki;0.0;0.0;0.0;0.0;0.0;0.0;0.0;0.0;0.0;4797.0;4929.0;5853.0;5829.0;5708.0;5651.0;
0526152;Powiat konecki;0.0;0.0;0.0;0.0;0.0;0.0;2636.0;2544.0;3595.0;3500.0;4083.0;0.0;4837.0;6434.0;7171.0;
0526152;Powiat m. Kielce;4979.0;4561.0;4776.0;4883.0;4622.0;4579.0;4669.0;4729.0;4819.0;5077.0;5499.0;6032.0;6858.0;7513.0;8809.0;
0526152;Powiat ostrowiecki;2888.0;3510.0;3309.0;3009.0;3430.0;3319.0;3270.0;0.0;0.0;0.0;0.0;4091.0;4089.0;4054.0;6087.0;
0526152;Powiat skarżyski;2874.0;2529.0;3201.0;2710.0;3562.0;2315.0;2312.0;2275.0;2533.0;4211.0;3872.0;0.0;4996.0;5692.0;6935.0;
0526152;Powiat starachowicki;0.0;3380.0;3301.0;3017.0;0.0;3334.0;3261.0;3398.0;3735.0;0.0;0.0;4401.0;0.0;6831.0;6113.0;
0526153;Powiat buski;0.0;0.0;0.0;0.0;0.0;0.0;0.0;3600.0;3150.0;4644.0;4913.0;5353.0;5510.0;6475.0;6894.0;
0526153;Powiat jędrzejowski;0.0;0.0;0.0;0.0;0.0;0.0;0.0;0.0;4217.0;0.0;4790.0;4847.0;5028.0;0.0;0.0;
0526153;Powiat kazimierski;0.0;0.0;0.0;0.0;0.0;0.0;0.0;0.0;0.0;0.0;0.0;0.0;0.0;0.0;9751.0;
0526153;Powiat opatowski;0.0;0.0;0.0;0.0;0.0;0.0;0.0;0.0;3567.0;3674.0;4048.0;3958.0;4625.0;0.0;0.0;
0526153;Powiat pińczowski;0.0;0.0;0.0;0.0;0.0;0.0;0.0;0.0;0.0;0.0;0.0;0.0;0.0;0.0;7349.0;
0526153;Powiat sandomierski;0.0;0.0;0.0;0.0;0.0;0.0;0.0;0.0;0.0;0.0;0.0;4780.0;6606.0;6520.0;8813.0;
0526153;Powiat staszowski;0.0;3235.0;3052.0;0.0;0.0;0.0;0.0;0.0;0.0;0.0;3562.0;4611.0;5397.0;0.0;4839.0;
0526153;Powiat włoszczowski;0.0;0.0;0.0;0.0;0.0;0.0;0.0;0.0;0.0;0.0;0.0;0.0;5176.0;6319.0;0.0;
0606000;LUBELSKIE;4508.0;4428.0;4678.0;4474.0;4479.0;4685.0;4934.0;5041.0;5104.0;5368.0;5856.0;6239.0;6672.0;7979.0;8799.0;
0606109;Powiat bialski;0.0;0.0;0.0;0.0;0.0;0.0;0.0;0.0;2710.0;3038.0;3348.0;3849.0;4149.0;4110.0;5951.0;
0606109;Powiat m. Biała Podlaska;0.0;0.0;0.0;0.0;3346.0;0.0;3076.0;3150.0;2905.0;3200.0;3649.0;4051.0;4480.0;5413.0;5974.0;
0606109;Powiat parczewski;0.0;0.0;0.0;0.0;0.0;2888.0;0.0;0.0;0.0;0.0;0.0;0.0;0.0;4200.0;5263.0;
0606109;Powiat radzyński;0.0;0.0;0.0;0.0;3399.0;2407.0;2702.0;0.0;3415.0;2959.0;3130.0;3970.0;4161.0;7186.0;0.0;
0606109;Powiat włodawski;0.0;0.0;0.0;0.0;3118.0;2992.0;3059.0;2953.0;3007.0;0.0;3117.0;3444.0;0.0;4858.0;5550.0;
0606110;Powiat biłgorajski;0.0;7978.0;0.0;3463.0;2809.0;0.0;2700.0;3365.0;3569.0;3835.0;3767.0;4315.0;4630.0;6136.0;6559.0;
0606110;Powiat chełmski;0.0;0.0;0.0;0.0;0.0;0.0;0.0;0.0;0.0;0.0;0.0;0.0;0.0;0.0;0.0;
0606110;Powiat hrubieszowski;0.0;0.0;2877.0;0.0;0.0;2438.0;2727.0;0.0;0.0;0.0;2667.0;2867.0;3441.0;0.0;5535.0;
0606110;Powiat krasnostawski;3362.0;3044.0;0.0;0.0;0.0;3139.0;0.0;0.0;0.0;0.0;0.0;0.0;4395.0;0.0;0.0;
0606110;Powiat m. Chełm;3848.0;3740.0;3723.0;3316.0;3229.0;3430.0;3669.0;3578.0;3954.0;3978.0;4457.0;5008.0;5089.0;6576.0;7727.0;
0606110;Powiat m. Zamość;3351.0;3415.0;3393.0;3206.0;3459.0;3208.0;3713.0;3250.0;3730.0;3587.0;4461.0;6399.0;6415.0;6851.0;7607.0;
0606110;Powiat tomaszowski;3601.0;0.0;3584.0;3083.0;0.0;3888.0;3386.0;3150.0;2462.0;3618.0;4219.0;0.0;4708.0;3808.0;0.0;
0606110;Powiat zamojski;0.0;4617.0;4338.0;0.0;0.0;0.0;3812.0;3822.0;0.0;0.0;0.0;0.0;0.0;0.0;0.0;
0606111;Powiat lubartowski;0.0;3519.0;3601.0;3595.0;2017.0;0.0;0.0;0.0;3799.0;2648.0;4476.0;4998.0;5797.0;6381.0;7504.0;
0606111;Powiat lubelski;0.0;3737.0;4351.0;3846.0;3735.0;3728.0;3882.0;4363.0;4221.0;4350.0;4590.0;5227.0;5407.0;5879.0;7289.0;
0606111;Powiat m. Lublin;4604.0;4743.0;4771.0;4598.0;4713.0;4878.0;5100.0;5247.0;5235.0;5562.0;6164.0;6476.0;7485.0;8641.0;9404.0;
0606111;Powiat łęczyński;0.0;4692.0;0.0;0.0;0.0;0.0;4416.0;4446.0;0.0;4875.0;0.0;0.0;5438.0;5667.0;5948.0;
0606111;Powiat świdnicki;4601.0;4835.0;4601.0;4732.0;0.0;0.0;0.0;0.0;0.0;5738.0;6305.0;6320.0;7135.0;7230.0;7756.0;
0606112;Powiat janowski;0.0;0.0;0.0;0.0;3630.0;0.0;0.0;0.0;0.0;4591.0;0.0;0.0;6039.0;6504.0;5278.0;
0606112;Powiat kraśnicki;0.0;0.0;0.0;0.0;0.0;2959.0;0.0;0.0;2702.0;0.0;0.0;0.0;5504.0;0.0;5733.0;
0606112;Powiat opolski;3617.0;0.0;3773.0;3621.0;0.0;3150.0;2849.0;0.0;0.0;0.0;0.0;0.0;6451.0;0.0;7541.0;
0606112;Powiat puławski;3919.0;4274.0;4683.0;4509.0;4289.0;4557.0;4391.0;4430.0;3904.0;5352.0;4582.0;4719.0;6566.0;6684.0;7615.0;
0606112;Powiat rycki;0.0;0.0;0.0;0.0;0.0;0.0;0.0;3988.0;3634.0;0.0;0.0;4517.0;5185.0;4441.0;0.0;
0606112;Powiat łukowski;0.0;0.0;0.0;0.0;0.0;0.0;0.0;0.0;0.0;0.0;4377.0;5021.0;5208.0;5527.0;7088.0;
0618000;PODKARPACKIE;3571.0;4001.0;4004.0;4019.0;4268.0;4510.0;4202.0;4416.0;4516.0;4943.0;5359.0;5947.0;6010.0;6337.0;7712.0;
0618133;Powiat bieszczadzki;2802.0;0.0;0.0;0.0;2916.0;2601.0;0.0;2997.0;0.0;0.0;0.0;4141.0;0.0;6016.0;6038.0;
0618133;Powiat brzozowski;0.0;0.0;0.0;0.0;2400.0;2500.0;0.0;0.0;0.0;2700.0;2893.0;3300.0;4400.0;5000.0;5455.0;
0618133;Powiat jasielski;0.0;3280.0;3455.0;3180.0;3287.0;3449.0;3449.0;0.0;3425.0;0.0;0.0;3883.0;4504.0;3260.0;6084.0;
0618133;Powiat krośnieński;0.0;0.0;2903.0;2864.0;0.0;0.0;0.0;3285.0;3769.0;4061.0;0.0;4510.0;0.0;4657.0;7114.0;
0618133;Powiat leski;2791.0;0.0;0.0;0.0;0.0;0.0;0.0;0.0;0.0;3620.0;3488.0;0.0;4504.0;5764.0;5238.0;
0618133;Powiat m. Krosno;2637.0;3909.0;3712.0;3571.0;3361.0;3964.0;3687.0;4019.0;3974.0;4003.0;4272.0;5071.0;4735.0;6916.0;6705.0;
0618133;Powiat sanocki;4167.0;0.0;3025.0;0.0;2439.0;0.0;0.0;3898.0;2265.0;4551.0;0.0;0.0;6821.0;6624.0;6788.0;
0618134;Powiat jarosławski;0.0;0.0;3897.0;0.0;3267.0;0.0;3549.0;3350.0;3586.0;3800.0;4160.0;4220.0;4336.0;5901.0;5681.0;
0618134;Powiat lubaczowski;0.0;0.0;0.0;0.0;0.0;0.0;0.0;0.0;0.0;0.0;0.0;0.0;0.0;0.0;0.0;
0618134;Powiat m. Przemyśl;3559.0;3590.0;3596.0;3315.0;3185.0;3498.0;3685.0;3798.0;4312.0;4364.0;4230.0;4362.0;4736.0;5150.0;7365.0;
0618134;Powiat przemyski;2498.0;2510.0;2300.0;2574.0;2298.0;2439.0;2200.0;0.0;0.0;0.0;0.0;0.0;0.0;0.0;0.0;
0618134;Powiat przeworski;0.0;0.0;0.0;0.0;0.0;0.0;0.0;0.0;0.0;0.0;0.0;0.0;0.0;4622.0;5500.0;
0618135;Powiat kolbuszowski;0.0;0.0;0.0;0.0;0.0;0.0;0.0;4008.0;3986.0;3597.0;4781.0;4490.0;5957.0;6784.0;7028.0;
0618135;Powiat m. Rzeszów;4237.0;4589.0;4386.0;4290.0;4433.0;4684.0;4483.0;4600.0;4797.0;5173.0;5694.0;6463.0;6470.0;7260.0;8544.0;
0618135;Powiat ropczycko-sędziszowski;3585.0;0.0;3618.0;0.0;2777.0;3311.0;3621.0;3642.0;3768.0;3834.0;3793.0;4817.0;5276.0;5743.0;6692.0;
0618135;Powiat rzeszowski;4355.0;4000.0;3849.0;3314.0;4268.0;3977.0;3709.0;4441.0;4167.0;4497.0;4603.0;4784.0;5657.0;6437.0;7381.0;
0618135;Powiat strzyżowski;0.0;2717.0;2834.0;2999.0;2731.0;3002.0;0.0;0.0;3241.0;0.0;0.0;4501.0;4265.0;5021.0;6045.0;
0618135;Powiat łańcucki;3613.0;3898.0;3687.0;3454.0;0.0;2920.0;0.0;3673.0;4688.0;4531.0;4800.0;4781.0;4896.0;5525.0;0.0;
0618136;Powiat dębicki;0.0;3556.0;3785.0;3762.0;2918.0;3368.0;3773.0;3927.0;4357.0;3950.0;4380.0;5013.0;4872.0;5668.0;5523.0;
0618136;Powiat leżajski;0.0;0.0;0.0;0.0;0.0;0.0;0.0;0.0;0.0;0.0;0.0;2593.0;0.0;0.0;4820.0;
0618136;Powiat m. Tarnobrzeg;3004.0;0.0;0.0;3159.0;3520.0;3124.0;0.0;0.0;3832.0;3696.0;0.0;5038.0;5063.0;6423.0;5961.0;
0618136;Powiat mielecki;0.0;3955.0;4043.0;4074.0;0.0;3905.0;3972.0;4220.0;4323.0;4615.0;5147.0;4591.0;4830.0;4928.0;7854.0;
0618136;Powiat niżański;0.0;0.0;0.0;2784.0;0.0;0.0;0.0;0.0;0.0;0.0;0.0;0.0;0.0;0.0;0.0;
0618136;Powiat stalowowolski;0.0;4129.0;3900.0;0.0;0.0;2604.0;4020.0;4505.0;4479.0;0.0;0.0;0.0;6409.0;6465.0;6887.0;
0618136;Powiat tarnobrzeski;0.0;0.0;0.0;0.0;0.0;0.0;0.0;0.0;3501.0;3629.0;3833.0;4141.0;6396.0;3835.0;10524.0;
0620000;PODLASKIE;4147.0;4292.0;4405.0;4267.0;4233.0;4439.0;4388.0;4530.0;4437.0;4916.0;5245.0;5719.0;5885.0;7180.0;8196.0;
0620137;Powiat białostocki;3677.0;3536.0;3481.0;3720.0;3552.0;3737.0;3915.0;3732.0;3995.0;4287.0;4140.0;4832.0;4989.0;5732.0;6742.0;
0620137;Powiat m. Białystok;4369.0;4519.0;4512.0;4444.0;4463.0;4693.0;4503.0;4711.0;4796.0;5120.0;5664.0;6063.0;6322.0;7843.0;8799.0;
0620137;Powiat sokólski;3163.0;2855.0;3062.0;0.0;0.0;3251.0;3007.0;3453.0;3351.0;0.0;0.0;0.0;5503.0;5211.0;0.0;
0620138;Powiat bielski;0.0;0.0;0.0;0.0;0.0;0.0;0.0;0.0;4360.0;4436.0;4275.0;4000.0;6045.0;5800.0;6473.0;
0620138;Powiat hajnowski;0.0;0.0;0.0;0.0;0.0;0.0;0.0;0.0;0.0;7366.0;7700.0;0.0;0.0;10015.0;0.0;
0620138;Powiat kolneński;0.0;0.0;0.0;0.0;0.0;0.0;0.0;0.0;3327.0;3446.0;3850.0;3789.0;4669.0;5371.0;7031.0;
0620138;Powiat m. Łomża;3283.0;3362.0;3399.0;3453.0;3490.0;3480.0;3728.0;3601.0;3736.0;3673.0;4108.0;4999.0;5494.0;6458.0;7727.0;
0620138;Powiat siemiatycki;0.0;0.0;0.0;0.0;0.0;0.0;3323.0;0.0;3356.0;0.0;0.0;4068.0;4198.0;5394.0;4689.0;
0620138;Powiat wysokomazowiecki;0.0;3985.0;0.0;0.0;0.0;0.0;4647.0;0.0;4418.0;4307.0;0.0;0.0;5490.0;6906.0;7606.0;
0620138;Powiat zambrowski;0.0;3564.0;3128.0;3157.0;3291.0;3082.0;3293.0;3316.0;3298.0;3668.0;3741.0;4636.0;4401.0;5043.0;6683.0;
0620138;Powiat łomżyński;0.0;0.0;0.0;0.0;0.0;0.0;0.0;0.0;0.0;0.0;3362.0;3372.0;0.0;3908.0;0.0;
0620139;Powiat augustowski;3922.0;3790.0;3621.0;3772.0;4460.0;3893.0;3930.0;3860.0;3763.0;4499.0;0.0;4932.0;5680.0;6791.0;7958.0;
0620139;Powiat grajewski;0.0;0.0;0.0;2939.0;2845.0;2964.0;3061.0;3001.0;3000.0;3526.0;3716.0;4460.0;0.0;6165.0;6606.0;
0620139;Powiat m. Suwałki;3977.0;3540.0;3223.0;3403.0;3391.0;3629.0;3708.0;3738.0;3811.0;4157.0;4364.0;4961.0;5357.0;6450.0;7090.0;
0620139;Powiat moniecki;0.0;0.0;0.0;0.0;0.0;0.0;0.0;0.0;0.0;3744.0;3996.0;4075.0;0.0;0.0;5460.0;
0620139;Powiat sejneński;0.0;0.0;0.0;0.0;0.0;0.0;0.0;3276.0;0.0;0.0;0.0;0.0;3947.0;0.0;6044.0;
0620139;Powiat suwalski;0.0;0.0;0.0;0.0;0.0;2699.0;0.0;0.0;2553.0;0.0;0.0;0.0;0.0;0.0;0.0;
0714000;MAZOWIECKIE;4961.0;5756.0;5956.0;5792.0;6052.0;6625.0;6713.0;6837.0;6434.0;6388.0;7067.0;6927.0;7751.0;8319.0;10218.0;
0714128;Powiat m. st. Warszawa;7584.0;7499.0;7398.0;6900.0;7011.0;7267.0;7328.0;7684.0;7830.0;7987.0;8479.0;9473.0;10206.0;11802.0;14082.0;
0714129;Powiat legionowski;5040.0;5086.0;5177.0;4928.0;3882.0;4052.0;4398.0;4347.0;4888.0;4583.0;4919.0;6117.0;6174.0;6931.0;7921.0;
0714129;Powiat miński;4187.0;4429.0;4034.0;4117.0;4065.0;4027.0;3915.0;4495.0;4662.0;5419.0;5008.0;5494.0;5852.0;6759.0;8371.0;
0714129;Powiat otwocki;5009.0;5163.0;5077.0;4507.0;4641.0;4720.0;4916.0;5060.0;4981.0;4929.0;4728.0;5797.0;6817.0;7732.0;8581.0;
0714129;Powiat wołomiński;4269.0;5172.0;4950.0;4193.0;4064.0;4398.0;4382.0;4368.0;4542.0;4686.0;5106.0;5322.0;5979.0;6085.0;7641.0;
0714130;Powiat grodziski;0.0;0.0;0.0;3376.0;3750.0;4021.0;3744.0;4375.0;4130.0;4999.0;4689.0;5671.0;5704.0;6765.0;7462.0;
0714130;Powiat nowodworski;4113.0;4247.0;4093.0;3871.0;3855.0;4200.0;4260.0;4341.0;4251.0;4598.0;5295.0;5484.0;6033.0;7580.0;7825.0;
0714130;Powiat piaseczyński;3787.0;4900.0;5064.0;5110.0;4859.0;5054.0;4489.0;4413.0;5404.0;5289.0;5485.0;6078.0;6457.0;7345.0;9145.0;
0714130;Powiat pruszkowski;5749.0;5209.0;5655.0;5459.0;5537.0;5441.0;5184.0;5825.0;5502.0;5610.0;6044.0;6100.0;6904.0;8005.0;8300.0;
0714130;Powiat warszawski zachodni;5646.0;5542.0;5333.0;5207.0;5035.0;4586.0;4414.0;4738.0;5354.0;5000.0;5587.0;6186.0;6730.0;7332.0;8888.0;
0714225;Powiat ciechanowski;3665.0;3076.0;3631.0;3001.0;3634.0;4058.0;3653.0;3156.0;3098.0;3514.0;3938.0;4006.0;4838.0;4872.0;6485.0;
0714225;Powiat mławski;0.0;0.0;2963.0;3123.0;2967.0;2946.0;2977.0;3128.0;3292.0;3502.0;3982.0;4083.0;4500.0;5184.0;5869.0;
0714225;Powiat pułtuski;3424.0;3273.0;3464.0;3442.0;3411.0;3313.0;3282.0;3313.0;3315.0;3343.0;3525.0;3253.0;3923.0;4395.0;5013.0;
0714225;Powiat płoński;3001.0;3643.0;3528.0;3632.0;3450.0;3305.0;3461.0;3980.0;3493.0;3654.0;4039.0;3960.0;4153.0;5525.0;6653.0;
0714225;Powiat żuromiński;2947.0;2887.0;2896.0;0.0;3134.0;3131.0;3120.0;3098.0;4474.0;4194.0;3459.0;3323.0;0.0;4481.0;0.0;
0714226;Powiat m. Ostrołęka;3800.0;3921.0;3915.0;4135.0;3829.0;3891.0;3904.0;3804.0;3405.0;3430.0;4213.0;4384.0;4573.0;5898.0;6509.0;
0714226;Powiat makowski;0.0;0.0;0.0;0.0;0.0;0.0;0.0;0.0;0.0;3585.0;4156.0;3686.0;4000.0;5012.0;0.0;
0714226;Powiat ostrowski;0.0;0.0;0.0;0.0;3748.0;4264.0;4048.0;0.0;0.0;4098.0;4294.0;4662.0;4585.0;5868.0;0.0;
0714226;Powiat ostrołęcki;0.0;0.0;0.0;0.0;0.0;0.0;0.0;0.0;0.0;0.0;0.0;3090.0;4230.0;3913.0;5429.0;
0714226;Powiat przasnyski;0.0;3140.0;3104.0;3361.0;3204.0;3333.0;3646.0;3707.0;3542.0;3763.0;3635.0;3956.0;4481.0;5439.0;6150.0;
0714226;Powiat wyszkowski;4032.0;0.0;0.0;4459.0;4574.0;0.0;4781.0;4330.0;4263.0;4250.0;0.0;4051.0;4799.0;5461.0;7179.0;
0714227;Powiat białobrzeski;0.0;0.0;0.0;0.0;0.0;0.0;0.0;3007.0;0.0;5300.0;5494.0;6216.0;0.0;0.0;0.0;
0714227;Powiat kozienicki;3210.0;3131.0;3436.0;2770.0;0.0;3499.0;3367.0;0.0;4355.0;4347.0;4484.0;0.0;0.0;6403.0;6524.0;
0714227;Powiat lipski;0.0;0.0;0.0;0.0;0.0;0.0;0.0;0.0;0.0;0.0;0.0;0.0;4383.0;5613.0;0.0;
0714227;Powiat m. Radom;3100.0;3573.0;3618.0;3502.0;3672.0;3575.0;3788.0;3914.0;4109.0;4383.0;4568.0;5112.0;5830.0;6421.0;7575.0;
0714227;Powiat przysuski;0.0;0.0;0.0;0.0;0.0;0.0;0.0;0.0;0.0;0.0;0.0;0.0;0.0;0.0;7231.0;
0714227;Powiat radomski;0.0;0.0;0.0;0.0;0.0;0.0;0.0;3442.0;3275.0;0.0;0.0;4394.0;0.0;6000.0;0.0;
0714227;Powiat szydłowiecki;0.0;0.0;0.0;0.0;0.0;0.0;0.0;2034.0;0.0;0.0;0.0;0.0;5393.0;5407.0;0.0;
0714227;Powiat zwoleński;0.0;0.0;0.0;0.0;0.0;0.0;0.0;0.0;0.0;0.0;0.0;3434.0;4062.0;0.0;6905.0;
0714270;Powiat gostyniński;3849.0;2852.0;3993.0;2800.0;0.0;2913.0;2901.0;3044.0;3184.0;3212.0;3647.0;0.0;5499.0;5592.0;6280.0;
0714270;Powiat m. Płock;4354.0;4222.0;4205.0;3984.0;4143.0;3928.0;4038.0;4148.0;4196.0;4574.0;4642.0;4826.0;5063.0;6026.0;7087.0;
0714270;Powiat płocki;0.0;0.0;0.0;3311.0;2782.0;3099.0;2985.0;3211.0;3510.0;3387.0;3606.0;3148.0;3386.0;5493.0;4722.0;
0714270;Powiat sierpecki;2897.0;0.0;3489.0;3588.0;0.0;0.0;0.0;3548.0;3361.0;3103.0;4400.0;0.0;3997.0;4696.0;5316.0;
0714271;Powiat garwoliński;0.0;0.0;0.0;0.0;0.0;0.0;4089.0;0.0;0.0;4566.0;4697.0;5087.0;5592.0;6823.0;7865.0;
0714271;Powiat m. Siedlce;3769.0;3892.0;3801.0;3903.0;3818.0;3785.0;3987.0;4234.0;4261.0;4712.0;5072.0;5547.0;6776.0;8036.0;9045.0;
0714271;Powiat siedlecki;0.0;0.0;0.0;0.0;0.0;0.0;0.0;0.0;0.0;0.0;0.0;0.0;0.0;5711.0;6300.0;
0714271;Powiat sokołowski;0.0;3049.0;3502.0;0.0;3388.0;2264.0;2870.0;3484.0;3353.0;2848.0;4423.0;4533.0;4691.0;6798.0;8266.0;
0714271;Powiat węgrowski;0.0;0.0;2971.0;3461.0;0.0;3000.0;0.0;3005.0;0.0;3800.0;5066.0;0.0;5460.0;5450.0;8261.0;
0714271;Powiat łosicki;0.0;0.0;0.0;2890.0;0.0;0.0;0.0;0.0;0.0;0.0;0.0;0.0;0.0;4134.0;0.0;
0714273;Powiat grójecki;0.0;0.0;0.0;0.0;0.0;0.0;3480.0;3347.0;4170.0;4040.0;4651.0;5017.0;5471.0;6101.0;7204.0;
0714273;Powiat sochaczewski;0.0;0.0;0.0;4416.0;4579.0;0.0;4545.0;0.0;4733.0;4231.0;0.0;4792.0;5877.0;6801.0;7310.0;
0714273;Powiat żyrardowski;4806.0;4818.0;4481.0;4785.0;3820.0;4379.0;4619.0;4641.0;4729.0;4503.0;4964.0;4859.0;5549.0;5890.0;7460.0;